"","ADM","CD40LG","GDF15","PGF","SELE","EGF","SRC","IL1RN","IL6","CSTB","KLK6","LGALS3","F2R","KLK11","TEK","F3","TNFRSF1A","PDGFB","IL27","OLR1","TNFRSF10B","IL6R","TNFRSF1B","MMP3","HSPB1","PRL","MPO","GH1","RETN","FAS","PAPPA","PTX3","REN","CHI3L1","IL1RL1","HAVCR1","XPNPEP2","SELPLG","MB","THBD","IL16","PLAUR","CTSD","AGER","MMP7","CXCL16","DKK1","SIRT2","GAL","AGRP","PLAT","HBEGF","ESM1","VEGFD","MMP12","SPON1","CTSL","FABP4","NPPB","LEP","MUC16","IKBKG","FST","PECAM1","NT-pro-BNP","RNASE3","CXCL8","VEGFA","BDNF","CCL7","GDNF","CDCP1","CD244","IL7","TNFRSF11B","TGFB1","PLAU","IL17C","CCL2","IL17A","CXCL11","AXIN1","TNFSF10","CXCL9","CST5","OSM","CXCL1","CCL4","CD6","KITLG","IL18","SLAMF1","TGFA","CCL13","CCL11","TNFSF14","FGF23","IL10RA","FGF5","MMP1","LIFR","FGF21","CCL19","IL15RA","IL10RB","IL18R1","CD274","NGF","CXCL5","TNFSF11","HGF","IL12B","MMP10","IL10","CCL23","CD5","CCL3","FLT3LG","CXCL6","CXCL10","EIF4EBP1","CCL28","DNER","S100A12","CD40","FGF19","CCL8","CASP8","CCL25","CX3CL1","TNFRSF9","NTF3","TNFSF12","CCL20","SULT1A1","STAMBP","ADA","LTA","CSF1","RNY4-3p","RNY4-5p","RNY5-5p"
"miR-16-5p",-0.0825454267153863,0,0,0,0,0,0,0,0,-0.0666452397936588,0,0,0,0,-0.0347146230514876,0,-0.101259349303746,0,0,0.026091693746268,-0.0638251978997173,-0.009503613253752,0,-0.0162448415489626,0,0,0,0,0,0,0.0406700619575995,0,0,0,-0.00959666228119449,0,0.015022707182916,-0.0407541870346423,0,0,-0.0351713740866098,0,0,-0.000820324344285457,0,0,0.166100621991372,0,0,0,0,0,0,-0.0324810602973185,0,0,0,0,0,-0.0208586833661313,0,0,0,0,0,0,0,-0.0961614723659531,0.123318001267388,-0.0697339530310586,-0.0820292942093189,-0.00331565988105212,0,0.0969449889345144,0,0,-0.0109884509383252,-0.0508382965048891,0,0,0,0,0,0,0,0,0,-0.0422666520007613,0.0624360261124225,0.000800247375708656,0,-0.0829473395087839,-0.0351850161293607,0.0901347782344502,0,0,0.000277860097162269,-0.0458436227324809,-0.0261486977272823,0,-0.0428506858687198,0,0,0,-0.0350516844662481,-0.0895144513848336,-0.0564500007121393,0,0,0,-0.0476223120671396,0,0,0,0,0,0,0,0,-0.0663591858909449,0,0,0.0888305474680572,0,-0.0401086352757882,0,-0.0585843369100731,0,0,-0.0461104905936031,-0.048757947776894,0,0,0,0,0,0,-0.02735345400221,-0.0707424857655244,0,0,0
"miR-19b-3p",-0.038040565758485,0,0,0,0,0.542315800311458,0.401082740247879,0,0,-0.0347152546299281,0,0,0,0,-0.0538682041844171,-0.0909050505570512,-0.106407382144376,0.561262617812735,0,0,-0.0343569580829081,0,-0.096789874004197,0,0,0,0,0,0,-0.0429654701998694,0.00552796767178012,0,0,0,0,-0.0480024710106698,0,0.017823194038687,0,-0.0509133730582626,0,0,0,0,0.000764726322698561,0,0.156528358708384,0,0,0,0,0,0,0,0,0,0,0,0,0.00377434009858309,0,0,0,0,0,0,-0.0295118466943802,0,0,0,-0.0834783761667377,0,0.0129731921082099,0,0,0,-0.0599133859281099,0,0,0,0,0,0,0,0,0,0,0,0,-0.0484630399437166,0,0,-0.0928430779526661,0,0,0,0,0,0.00678812535403067,0,-0.0977531820697303,0,0,0,0,-0.00891828933990567,0,0,0,0,-0.151285569040298,0,0,0,0,0,0,0,0,0,0,0,0,0,0,0,0,0.19608867712201,0,0,0,0,0,-0.0785798552571193,0,0,0,0,-0.133879100655077,0,0,0
"miR-20b-5p",-0.0735020204374932,0.35669173022866,0,0,0,0,0,-0.0538870845838196,-0.137236469478001,-0.0618517189269759,0,0,0.0685708951468597,0,-0.0395106059991181,-0.0975398941703823,0,0.550107424624105,0,0.0177558862610857,-0.0857651841259201,-0.0233044639755364,-0.115167639641505,-0.0487753524214936,0,0,0,0,0,-0.0368728876825182,-0.0119321504255041,0.0124826049807114,0,-0.106603785159678,0,0,0,0.0526534667210192,0,-0.0606240640939059,0,-0.0804542267113042,0,0,0,0,0,0,0,0,-0.0550493176878323,0.00904737468392755,0,0,0,-0.0628958497227298,0,0,0,-0.00326430833273785,0,0,0,0,0,0,-0.0300175055677119,-0.117938003194987,0,0,-0.0712252664450906,-0.0398446643625075,0,0,-0.159200538749017,0,0,0,0,0,0,0,-0.0823635974108981,-0.1158232297159,0,0.101250528843521,0,0,0.0122490068552538,-0.0338715103513488,0,0,-0.134282967982653,0,0,0.0523003180825934,0,-0.0765268017205765,0.000250985750836385,0,-0.114986689573857,-0.0434618639367044,0,0,-0.153925273713795,-0.0276589771610823,-0.0960658675406069,0,0.312738086831848,0.0252482400696902,0,0,-0.0805954947465735,9.45573499419483e-05,0,-0.0831585250433119,0,0,0.127452682072108,0,0,0,-0.0157236085098531,0,0,0,-0.053688888919397,0.161564740568667,0,-0.190167796224662,-0.110427931895169,0,-0.0281760447678542,0,0.188343092196676,0.356690034593306,0,0,-0.188735467903505,0,0,0
"miR-21-5p",0,0,0,0,0.0792182718852573,0,0,0,0,0.0611258437470399,0,0,0.0798437463535439,0,-0.00593969087661834,-0.0582821227899902,0,0.41766276407206,0,0.0920636642061811,-0.0295773062419092,0.0457710032438873,0,0,0,0,0,0,0,0,0,-0.00716466883649546,0,0,0,0,0,0,0,-0.0598420338061657,0,0,0,0,0.0203410474612429,0,0,0,0,0,0.0428802644530076,0,0.0702696970404161,0,0,-0.0128729337892805,0,0,0.0224250291522739,0,0,0.408200081817895,0,0,0,0,0,0,0,0,-0.0550621663768559,0.130014949611983,0,0,-0.0743221538423523,0,0,0,0,0,0,0,0,0,0,0,0,0,0,-0.109915168845503,0,0,0,0,0,0,0,0,0.0600193167685428,0,-0.042619092397937,0,0,0,0,0,0,0,0.422584965000885,0,-0.0388374171353578,0,0,0.053699338878041,0,0,0,0,0,0.0702078359853222,0,0,0,0,0,0,0,0.281143476886709,0,0,0,0.0760981320303354,0,0.0632094716568261,0,0.39088679409758,0,0,0,0,0,0
"miR-24-3p",-0.097611262179272,0.424844866502569,-0.0789199556487945,-0.113349239319165,0,0,0.515096029214896,0,0,0,0,-0.0366288690725673,0.0855973466152437,0,-0.0318635511457553,0,-0.17727629612006,0.624468443180189,0,0.0182492702153752,-0.0642237925531812,-0.00266028299418859,-0.133752364083486,0,0,-0.0187733732493042,0.0420042606054612,0,0,-0.0377446847320984,0.0195066064143643,0,0,-0.0695790213271371,0.0112939334719902,-0.0307091259478321,0.0571547181446705,0.0394974290766376,-0.12030294588204,-0.0702550743443824,0.0542743719064646,0,0.0457306816531165,0,-0.0597050179787463,-0.0295679566914235,0.141940117292346,0.555081954751167,0,0,-0.00283162354567522,0.0067997403036649,0,0,0,-0.0666188280186162,0,-0.0516250711809742,0,-0.00120067084501952,0.0021910544779262,0.509165604117872,-0.0863034721729477,0.0458400753452274,0,0,0,-0.145338314364182,0.0210247717661995,0,-0.00403563616309966,0,0.00835579049983997,0.18146573133201,0,0,-0.0713007493425013,0,0,-0.0233754936875579,0,0,0,-0.134355187676248,0,0,0,-0.0143737305505523,0,-0.12218803514429,-0.0193788995097533,0,0,0,0,0,-0.103123760472945,0,0.00499775122804825,0,-0.0762167731675037,0,0,-0.0174490078696283,-0.15446337846674,0.00294667997008362,0,0,0.453208027935461,0.0259893672763228,-0.133934558205209,-0.0708074481403118,-0.109403987987801,0,0,0,-0.0707571270419408,-0.072677179386179,0,0,0,0,0,0,0,-0.0904720582341665,0,0.279630454007686,0,-0.119947866827294,0,0,0,0,0.306072012284881,0.418253139749113,-0.0179735123122816,0,-0.120951071333182,0,0,0
"miR-26a-5p",-0.153610747800037,0,0,0,0,0,0,0,-0.151912270869499,0,0,-0.0429587852509491,0,0,-0.0332658581426871,0,0,0,0,0,-0.0671299068875012,0,0,0,0,0,0,0,0,-0.0253581078507126,-0.0141552018756309,0.00772274094281436,0,0,0,0,0,0,0,0,0,-0.0786186927870889,0,0,0,0,0,0,0,0,0,0,0,0,0,-0.0825501743950447,0,0,0,0,0,0,0,-0.0022197916319897,0,0,0,-0.156265969338194,0.0134570818020385,0,0,0,0,0,0,0.0467001791826266,-0.0586351627624154,0,0,0,0,0,-0.0628483653746862,0,0,-0.0123375524703769,0,0,0.0269243685279688,-0.0504718172604959,0,-0.182522371214534,0,0,0,0,0,0,-0.0406776889304142,0,-0.191417389122826,-0.0181368782275448,0,0,0,-0.0112894319317102,0,0,0.342636961795786,0,-0.184737250869755,0,0,0,0,0,0,0,0,0,0,0,-0.0284109648371706,0,0,0,0,0.140174529330367,0,0,0,0,0,0,0,0,0,0,0,0,0,0
"miR-27b-3p",0,0.195663361261868,0,0,0.0390239440892749,0.150480148178248,0,-0.0247427918571976,0,0,0,-0.0845538522363329,0.0124729390058577,0,0,-0.0684867945094152,0,0,0,0.0384163158060916,0,-0.036752502241069,0,-0.049121881893947,0,0,0,0,0,-0.0262791939564581,0.0187959527386555,0,0,0,0,0,0,0,0,0,0.00962870325500688,0,0,0.0131365082154227,0,-0.0507308699191568,0,0,0,0,0,0.00806235731631814,0,-0.0432264632842197,0,0,0,0,0,-0.0783776994070948,0,0,0,0,0,0,0,0,0.013912962136593,0,-0.0612484596934427,0.0125551344160934,0,0.157727415309556,0,0,0.0196607474531435,0,0,0,0.0757110675176094,0,0.0658068637800691,-0.0388427366713021,0,0,0.131281170764654,0,0,0.0101373195304531,0,-0.0563743500266267,-0.0472073637478087,0,0,0,0,0,-0.046520423734046,0,0.00340450300433662,0,0,0,0,-0.0198875141225099,-0.0326278885080177,0,0.209865216687007,0.0357521720866446,-0.00195141170188085,0.012947578890434,0,0.043823163946989,0,0,0,0,0,0,0,0.037064896279345,0.0626658494029078,0,0,0,0,0.0961362248940343,0,-0.0542064144680395,-0.0357109885825599,0,0,0,0,0.224842627535016,0.0491954116085316,0,-0.00942450171392016,0,0,0
"miR-28-5p",-0.000399994783422816,0.0067616066722247,-0.00312840192903533,0.0220560830094708,-0.0357580922153568,0.0239929946859552,0,-0.0308304859516204,0,0,0.0726209319277861,0,0,0.0497105486054579,0,0,0.09420211765578,0.0876953814072952,0,0,0,0,0,0,0,0,0.0390924116648157,0,0,0.0231435849142079,0.0631270592412034,0,0.00841447627624247,0.0544384148743834,-0.0286863697702098,0,-0.0484546768237876,0,0,0,0.0576921690939766,0.0379194539891028,0,0,0,0,0,0.166720434019222,0,0,0,0.103411006566023,0.0802097647460968,0,0,0,0,0,0,-0.0624712573461075,0.0177979486602214,0,0,0,0,0.0106096428429247,0,0,0.0573809366084759,0,0.0362440399701306,0.102763395964291,0.0659685090336016,0,0,0,0,0,0,0,0,0,0.0695818467232345,0.196366722630473,0,0,0,0,0.0478004062066286,0.0392805687991027,0,0,0,0,0,0.0479821284184024,0.0783598532219914,0,0,0,0.147367275862211,-0.0309918738082524,0.027016121282674,0.0607369828535473,0,0,0.0341063763046591,0,0.110067033016815,0,0.111654914496182,0,0,0,0,0,0.024200456587782,0,0,0,0,0.115687551736777,0.138155984580896,0.0718109038818198,0,0,0,0,0,0,0.101173970103522,0,0.130145278242618,0,0,0.146344037383639,0,0,0.143843169098095,0,0,0
"miR-29a-3p",0,0,0,0,0,0,0.354791921543365,0,0,0,-0.0825674270775039,0,0,0,0,0,-0.101336688417581,0.448641445706389,0,0,-0.0442542680928904,0,0,0,0,0,0,0,0,0.00295298720814102,0,-0.059309914754804,0,0,0.0626995094956818,0.0139394209270818,0,0,0,0,0.053423650512521,0,0,0,0,0,0,0,0,0,0,0.0417664401830406,0,0,0,0,0,0,0,0.0449023937664663,0,0.427117650253614,0,0.063956850994678,0,0,0,-0.103324651332163,0.0300955448788025,0,0,0,0,0,0,0,0,0,0,0,0,0,0,0,0,0.0641939136417643,0,0,0,-0.106000207462001,0,-0.0846054632856426,0,0,0,0,0,0,0,0,-0.0330130971321113,0,0,0,-0.10106659315409,0.0520954819360113,0,0,0,0,0,0,0,0,0,0,0,0,0,-0.0258259290938182,0.0757996874685563,0,0,0,-0.114395468371194,0,0,0.269425975306871,0,-0.157444432060803,-0.112981329193027,0,0,0,0,0.330855801303952,-0.0365335160508949,0,0,0,0,0
"miR-30b-5p",0,0,0,0,0,0,0,0,0,0,0,0,0.0366900071376191,-0.0531795003221341,0,0,0,0,0,0,-0.0905280575992666,0.0117845340286945,0,0,0,0,0,0,0,-0.0596570236897034,0,0,0,-0.123066809356109,0,-0.0748940232338539,0,0,0,0,0,0,0,0,0,0,0,0,0,0,0,0,0,0,0,0,0,0,0,-0.0223748319305063,0,0,-0.131646021856954,0,0,0,0,0,0.0436940220957945,0,-0.048872269108516,0,0,0.140443378287146,0,0,-0.0190983401413407,0,0,-0.0418024397780708,-0.013808660875979,0,0,-0.10693325327716,0,0,0,0,0.0162964883589224,-0.0214035873758464,-0.0627227502625684,-0.130013368781376,0,0,0,0,0,0,-0.0244155198545129,0,-0.170074359409739,-0.0316777160034601,-0.0473733969424173,0,0,0,-0.104053496012796,0,0,0,-0.0962310734937869,0,0,0,0,0,0,0,0,0,0,0,0,0,0,0,0,0,0,0,-0.0986095501653422,0,0,0,0,0,0,0,0,0,0,0
"miR-92a-3p",-0.0261172055070582,0,0,0,0,0,0,-0.0390051541155362,0,0,0,0,0,0,-0.0638138395792693,-0.0704068037894315,0,0,0,-0.018473890344802,-0.095208711134784,0,-0.073828895581971,0,0,0,0,0,0,-0.082625434657566,0,0,0,0,0.0122219770278414,0,0,0,-0.0759781597013921,0,0.00537521947375719,0,0,-0.0195250992865644,0,-0.0702649780972397,0,0,0,0,0,0,0,0,0,0,0.00738626145759403,0,0,0,0,0.318896999369892,-0.0531212291354072,-0.0219497780895522,0,0,-0.0493146721724436,0,-0.0133515226384781,0,-0.131642283426961,0,0.030748633737252,0.168694496648349,0,0,0,0,0,0,0,0,0,0,0,0,0,0,0,-0.0464647736897811,0,0,0,0,0,0,0,0,-0.027820380513879,0,-0.0631842467605742,0,0,0,0,0,0,0.0221850388566361,0.299449719746255,0,-0.139646055238061,0.0101239348916256,-0.128210425741337,-0.0382837672261886,0,0,0,-0.0721573601099325,0,0,0,-0.0866750600935964,0,0,0,0,0,0,0,0,0,0,-0.0537995557672693,0,0,0.327802159937511,0,0.00585217593043832,-0.0866634772330726,0,0,0
"miR-93-5p",-0.0763511278102594,0,0,0,0.0350708424909431,0,0,-0.0430640458399856,0,0,0,0,0.0709149052710767,0,-0.0539722690875246,-0.0944107807431426,0,0.414216734367771,0,0.0454449671698833,-0.0720847741839832,-0.0146173125841688,-0.0827067720781333,-0.0759668342377688,0,0,0,0,0,-0.053496084821545,0.0147930259642985,0,0,0,0,0,0.0121684099575146,0.0381245993188248,0,-0.0869394067104402,0.0455008222972982,-0.050571026443928,0,0,-0.0591083668406899,0,0.162826962702846,0.393922275745524,0.01317897870401,0,-0.0174067227952068,0.0279149512593229,0,0,0,0,0,0,0,0.0113385908652242,0,0.423612236030899,-0.0797902077982338,0,0,0,-0.0130610909235675,-0.0890167712956468,0.00490554349163319,0,-0.107615480113884,0.0369141474946015,0,0.210091725959473,-0.0528273676739694,0.118889054385563,0,0,0,0,0.0468987448640738,0.40075547087931,0.0310533916674789,-0.0553005228932235,0,0.0813731129375233,0,0,0.0875427450452813,-0.0232213187781678,0,-0.0748445908793745,0,0,0,0.0769832945979598,0,0.00414552089867138,-0.00601227805562171,0,-0.00802254659570291,-0.0101476154064743,0,0,-0.0054390539050885,0,-0.0723947658511875,0,0.422607272732265,0.0519254489345141,0,0,0,0.0742869018188431,0,0.0336155204153494,0,0,0.192440218711862,-0.0327903059522518,0,0,0,0,0,0,0,0.273886678414173,0,-0.0557912929835664,0.00798376546268981,0,0.0627471868234751,0,0,0.427801370587016,0,0.0293066963004858,-0.0252695117146477,0,0,0
"miR-99b-5p",0,0,0,0,0,0.21085406115358,0,0,0,0,0,0,0,0,0,0,0,0,0,0,0,0,0,0,0,0,0,0,0,0,0,0,0,0.0417675484028575,0,0,0,0,0,0,0.0440488577194523,0,0,0,0,0,0,0,0,0,0,0,-0.00489967996119156,0,0,0,0.00983616768863305,0,0,0,0,0,0,0,0,0,0,0,-0.00746178204848418,0,-0.0559062292567756,0,0.0332766659611141,0,0,0,0,0,0,0,0,0,0,0,0,0,0,0,0,0,0,0,0,0,0,0.0160529479288515,0,0,0,0,-0.0709761840024548,0,0,0,0,0,0,0,0,-0.0407136365223658,-0.0726618767379145,0,0,0,0,0,0,0,0,0,0,0,0.0157804932395121,0,0,0,0,0,0,0,0,0,0,0,0,0,0,0,0,0,0,0
"miR-122-5p",0,-0.0328753499303868,-0.0784615249977006,-0.150012286412052,0,0,-0.0445579774506587,0.112502694087559,0,0,-0.119754937558944,0,-0.124430552257062,0,0,-0.189842054397918,-0.121106528683624,-0.0311199716657492,0,-0.0584208597193756,-0.140702412117834,-0.0438847987568073,-0.16190848476279,0,0,0,0,0,0,0,-0.000829368189080014,0,0,0,-0.00376211309813892,-0.0339019173666718,0.0288169442897838,0,0,0,-0.0978997099308529,0,0,0,-0.0600664839034274,0,0,-0.0551938747774375,0,0,0,0,0,0,0,-0.173612922422633,0,0,0,0.0530821906054936,0,0,0,-0.0522492542353802,0,0,-0.036132690504594,-0.082821313698869,-0.0370684741439367,0,0,-0.00895844172602811,0,0,0,0.00357395596385187,0,0,0.0406651067270508,-0.100369139904024,0,0.0084882644015771,0.0846153700955595,0,0,0,0,0,0.0707383309973135,0,0,0.0291427495226673,0,0,0,0.0459903054031385,0,0.0856753513350993,-0.16690772935355,0,0.00832215658791923,0,0,0,-0.0414357530472361,0,0,0,0,0,0,0.0240797374414336,0,0.0139403215122245,0,0,0,0,0.0620161796259714,0,0,0.0261082824145065,0.0493154443631452,0,0,0,0,0,0,-0.122106515642181,-0.0597987911268768,0.0206835880564694,-0.0685350135287811,0,0,-0.0214662151124241,0,0,-0.0432745965046187,0,0,0
"miR-126-3p",0,0,0,0,0,0,0,0,0,0,0,0,0,0,0,0,0,0,0,0,-0.079971171542195,0,0,0,0,0,0,0,0,0,0.011106850835274,0,0,0,0,0,0,0,0,0,0,0,0,0,0,0,0.162808458063605,0,0,0,0,0,0,0,0,0,0,0,0,0,0,0,0,0,0,0,0,-0.10784301360343,0,0,0,0,0,0,0,0,0,0,0,0,0,0,0,0,0,0,0,0,0,0,0,0,0,0,0,0,0,0,0,0,0,0,0,0,0,0,0,0,0,0.0365529401166014,0,0,0,0,0,0,0,0,0,0,0,0,0,0,0,0,0,0,0,0,0,0,0,0,0,0,0,0,0,0,0,0
"miR-126-5p",0,0.183639791809279,0,0,-0.0168471419334557,0.267592391759455,0,0,-0.031477839156452,0.0026828478942188,0,0,0,-0.100860460678677,-0.0972682295348872,0,0,0,0,0,0,-0.0321995800655367,0,-0.0759791892889943,0,0,0,0,0,-0.1320164679105,-0.0643105844456663,0,0,0,0,-0.0266688928638597,0,0,0,0,0,0,0,0,0,0,0.104961308097912,0,0,0,0,-0.01989240466362,-0.0986702704520713,0,0,0,0,0.00879542368902611,0,0,0.0356220044940707,0,0,0,0,0,0,-0.0823203335314718,-0.0170044281834257,0.0494503909292865,0,-0.0300397626731938,-0.0397451702045585,0.0868772882584457,0,0,0,0,0,-0.103766417794925,0,0.327528071057483,0,-0.0801459303147655,0,0,0,0,0,-0.0946613137263246,0,-0.0324548536396344,-0.113249831490829,0,0,0,0,-0.0405327437573546,-0.0201722632372787,0,-0.14735071666161,0,0,0,0,0.0371246123602678,-0.0603218216287527,0,0,-0.0240586308955902,-0.138751686807688,0,-0.0859255203192545,0,0,0,0.00173047936225971,0,-0.0068961777589859,0,0,-0.0679476338017728,0,0,0,0,-0.0493131277910404,0,0,0,-0.0336464080434129,0,0,0,0,0,0,-0.0786489099412861,-0.148740402527569,0,0,0
"miR-130a-3p",0,0,0,0,0.00212519787390127,0,0,0,0,0,0,0,0,-0.0242757493468556,-0.0642577744602181,-0.0350090732423011,0,0,0,0,-0.0275647675062101,0,-0.116385632102549,0,0,0,0,0,0,0,-0.0178983539748896,0,0,0,0,0,0,0.0206092585681011,0,0,0,0,0,0,0,0,0.111890065764921,0,0,0,-0.0646543802525074,0,0,0,-0.0556254102263814,0,0,0,0,-0.0191641034220927,0,0,0,0.0461933136853672,0,0,0,0,0.0306185736992909,0,0,-0.0844390677082675,0,0,0,0,0,0,0,0,0,0,-0.105792332145019,0,0,0,0,0,0,-0.00469929601935632,0,0,-0.137997194373305,0,0,0,0,0,0.0292553834255751,0.0641016203137678,-0.134282312968947,0,0,-0.0516108317359405,-0.121411950940144,0,-0.0771489427420508,0,0,-0.0301592000102963,-0.15520997155764,0,-0.0983978756172179,0,0,0,0,0,0.0548796025791182,0,0,0,-0.0694324397369413,-0.0652452349390622,0,0,0,0.148347350679932,0,0,0,0,0,0,0,0.315662861481839,0,0,-0.199153335649909,0,0,0
"miR-140-5p",0,0,0,0,0,0,0,0,0,0,0,0,0,-0.0210814532631501,0,0,-0.101962651703326,0,0,0.0556456158865402,0,0.0199864866604036,-0.0716662591215053,0,0.271168067335045,0,0,0,0,-0.0564184502129968,0.025589190952837,0,-0.0265139444794794,0,0,0,0,0.116588460894971,0,0,0,0,0.0345999407987032,0.00216445090796775,0,0,0,0.467689733722868,0,0,0,0.0345933771766134,0,0,0,-0.0746659631150189,0,0,0,-0.0163707030797547,0.015863163057382,0.399623943063802,0,0,0,0,0,-0.122189246813642,0.0561162873143428,0,0,-0.0484729926255782,0,0,0,0.0599473623248101,-0.0122565990141699,0,0,0,0.0103546929897944,0.357522092124602,0,-0.0685978301437572,0,0,0,0,0,-0.0659078604736971,0.00604007670428961,0,0,0,0,0.047892305118339,-0.0572800864853743,0,0,0.0803751560468989,-0.104285058536357,0,0,0,0,0,-0.0391595989755607,-0.0176727455245109,0,0,-0.135976113563534,0,0,0.0380078950184912,0,-0.00487870168981101,0,0,0,0,0,0,0,0,0,0,0,0.153982474679936,0,0,-0.0489772332402422,0,0,0,0.151218818335974,0.474636534064348,0,0,-0.104190679656634,0,0,0
"miR-143-3p",0,0,0,0,0,0,0.191357495068061,0,-0.0468085312665621,0.0240321210767669,0,0.0331671378603333,0.149808955714088,0,0,0,-0.0410527499815319,0.27380786400794,0.0308255980553149,0,0.00863167710139494,0.00795322171287187,-0.00785034874280053,0,0,0,0,0,0,0.0694856720432025,0.062914916843666,0,0,-0.0462668394429212,0.0272019641787568,0,0,0,-0.0308443880306657,0,0.00183472526439169,0.0478576811231362,0.000761723292988657,0,0,0,0,0.290000704409579,0,0,-0.0796144125460068,0.0711667742442808,0.0979871474852625,0.117342752573519,0,0.0204837758000734,0,-0.054081667410401,0,-0.100244775893509,0,0,0.0955695897890987,0.0458484407452123,0,0,0,-0.137057941162668,0.00297717625596837,-0.0452289316522893,0,-0.0632389919272606,-0.00742448553433588,0,0,0,-0.0377928179566272,0.00797762323186052,0,0,0,0,0,-0.0592448780800869,0,0,0,-0.0388531645793351,0,-0.079468597189346,-0.0613642843408895,-0.0789265387365983,-0.0941456271137117,0,0,0,-0.0800301085760282,-0.0295541374859388,0.0427941875750125,0,-0.154953977001242,0,0,-0.0669014530702337,-0.0800317387565381,0,0,0,0,0.00544767716866133,-0.173990667302381,-0.0225203002517943,0,0,0,0,0,0,0,0,0,0,-0.0532999529564226,0,-0.08102880863577,-0.0442797352003421,0,0.060986882421333,0,-0.0566086187986756,0,0,0,0,0,0.155998493713209,0,0,-0.102681295162972,0,0,0
"miR-145-5p",0,0,-0.100027524308563,0,0,0.326974114108508,0.369879346060866,-0.0782447968074548,0,0,-0.0396416966505456,0,0.0754986292757057,0,0,0,-0.119982733815912,0,0,-0.00307100242021726,-0.0602079663997518,0,0,-0.0787438893975814,0,0,0.013584378822344,0.0802995962643816,-0.0144572117120394,-0.0596661459241372,0.0175064402024497,0.0164848773517504,0,0,0,0,0.0234349748621051,0.0279617974952193,-0.102954899258285,-0.0476696485811596,-0.00589370263039041,-0.0456199970622434,-0.00594097786112099,0.0426769209015893,0,0,0,0,0,0,-0.14519518921761,0.0187076067304828,0,0.0160381434750915,-0.06429542918016,-0.043704964122304,0,0,-0.0174058876592374,-0.0532989187957394,0,0,0,0.0170587221856909,0,0,-0.0632406166817902,-0.134284477800032,0.0634337457714597,0,-0.00232860049131491,-0.0751931849537441,0,0,-0.153437724364298,0,0,0,0,0.0203863465866467,0,0,0,0,0,0,0.257067689893705,0,0.0131444017203722,-0.0234202865822771,-0.073135210935044,-0.187628923111559,-0.0791971653394138,0,-0.101987344309195,-0.0032154020814143,0,-0.0525031491858771,0.0289342259620897,0,0,0,0,0,0,-0.0321066597844455,-0.120255059736673,-0.0290722077241035,0,0,-0.195273643792891,0,-0.0915674029819603,0.0160546129167731,0,0,0,-0.0665244863387453,0,0,0.0208035896914944,-0.120952347940207,0,0,-0.11098988670418,0,-0.0693347456987262,0.159588692952795,-0.0814169562095801,0,0,0.0386502450061772,0.0143707263534615,-0.0845463019272507,0.233661855624739,0.392884108246722,0,0,-0.140851359124274,0,0,0
"miR-150-5p",0,0,0,-0.097562691589093,0,0.195313454513506,0.250151006181644,0,-0.0297283124235531,0,0,0,-0.0301396326705992,-0.026383697098073,0.0278146522670833,0,0,0,0,0,0,0.0562336724566097,-0.0942216798202203,0,0,0,0,0,0,0,-0.0635423494724446,0,0,0,-0.00357833171116087,0,0.0583571728325393,0,0,-0.0195487798014131,0,0.0203044971013677,0.075536209223183,0,0,0,0,0,0,0,0,0,0,0,0,0,0.0357372430664139,0,0,0.128452378827835,0,0,0,0.0532749808839902,0,0,0,0.0201006387561484,-0.0220477381904796,0,-0.0040618576558843,0,0.0999902017579865,0.153706789924318,0,0,0,0,0,0,0,0,0,-0.0131146294788777,0,-0.00569104547070686,0,0,0,-0.0942036620371832,0.0256936160077535,0,0.021860718761969,0,0,0.193417297346272,0,0.0608655984489935,0,0,0.0453103485909064,0,0,0.0600419485082062,0,0,-0.108889184799992,0,0,0.0241716281349226,0,0,0.0474879263693858,0.036134016824623,0,0,0,0,0.0899035894169377,0,0,0,0,0,0,0,0,0.134803546765611,0,0,0.0307877580661325,0,0,0,0.141953972409848,0,0,0,0,0,0,0
"miR-191-5p",0,0,0,0,0,0.423979026614153,0,0,0,0,0,0,0,0,0,0,0,0.424461388405745,0,0,-0.0290889385226379,0,0,0,0,0,0,0,0,0,0,0,0,0,0,-0.0394471045937453,0,0,0,0,0,0,0,0,0,0,0,0,0,0,0,0,0,0.0129684280393769,0,-0.0966162431858461,0,0,0,0.00688845585197001,0,0,0,0,0,0,0,-0.087016625780599,0.0172723176295278,0,0,0,0,0,0,0,0,0,0,0,0,0,0,0,0,0,0,0,0,-0.042399189645918,0,0,0,0,0,0.0750028828452859,0,0,0,0,-0.0758751151422135,0,0,0,0,0,-0.0351161443454363,0,0,-0.00181773691153921,-0.180948648288757,0,0,0,0,0,0,0,0.0953300308739002,0,0,0,0,0,0,0,0,0,0,0,0,0,0,0,0,0,0,0,0,0,0,0
"miR-192-5p",0,0,0,0,0,-0.00326701128119542,0,0,0,0,0,0,0,0,0.0357144756977796,0,0,0,0,0,0,0,0,0,0,0,0.0745060036989707,0,0,0,0.0259333945589356,0,0,0,0,0,0,0,0,0,0,0,0,0,0,0,0,0,0,0,0,0,0,0,0,0,0,0,0,0,-0.00374878361310615,0,0,0,0,0,0,0,0.00514741397227284,0,0,0.00755962086453172,0,0,0,0,0.0397543214380484,0,0,0,0,0,0,0,0,0,0,0,0,0,0,0,0,0,0,0,0,0,0,0,-0.0102749017000906,0,0,0,0,0,0,0,0,0,0,0,0,0,0,0,0,0,0,0,0,0,0,0,0,0,0,0,0,0,-0.044704537428442,0,0,0,0.0204185343837994,0,0,0,0,0,0,0
"miR-197-3p",0,0,0,0,0,0,0,0.0319215914129648,0,-0.036000302698755,0,-0.0470119995003068,0,0,-0.0407533938639325,0,-0.117537720657783,0.416818244841423,0,0,-0.0604216058271913,-0.0311141373360039,0,0,0,0,0.0493682107277537,0,0,-0.077722795893181,0.0194533512865251,-0.063700351935646,0.00863540861586361,0,0,-0.0498419926226616,0.0488672690519476,-0.0204869915038431,-0.167617891212401,-0.0846094499668473,0,0,0,-0.0286274258799885,0,0,0,0,0,0,0,0,-0.00257782995880277,-0.0388411922898989,0,0,-0.00210627883703276,0,0,0.0458430743760356,0,0,0,0,0,0,0,0,-0.00486732556793655,0,-0.0652207684777417,0.0493736160626648,0.111310002649472,0,0,0.172116931636756,0,0,0,0,0,0,0.0169851066721395,0,0,0,0,0,0.0793351300780976,0,0.0448996289366282,0,0,0,0,0.128287387414596,0.037788610564667,0.018493367270239,0,0,0.0725409672906883,0,0,0.0273441350741964,-0.0153794648066366,0,0,0.107050083945709,0,0,0.0238902933226439,0,0,0.0839172017266237,0,0,0,0,0,-0.0155248940554357,0.109505135582959,0.00728742104779071,0,0,0.0207914920371695,0,0,0.191923185161774,-0.0123331724888702,-0.0322461689045325,0.00179817474709897,0,0,0,0,0.468110583199601,0,0,0.0337347809792614,0,0,0
"miR-221-3p",0,0,0,0,0.03622141285183,0,0.47911481190719,0,0,0,-0.0393131362530733,0,0.142193794159665,-0.0261154940090865,-0.00908319498247569,-0.0479781469993958,0,0,0,-0.00903797891919036,0,-0.000689309017901968,0,0,0,0,0.0227963604072023,0,0,0,0,-0.0104565920380678,0,0,-0.0295353985148201,-0.03572944149153,0,0,0,0,0.0595045108814567,-0.00956203909859604,0,-0.0141210537830918,0,-0.0190345040604371,0,0,0,0,-0.0214941892639738,0,0,0,0,-0.0468546093357879,0,0,0,0.0357308142752351,0,0.513189405541764,0,0.018376468771316,0,0,0,0,-0.00906529150084334,0,-0.0219023712644058,-0.065253986435182,0,0,-0.209673663573616,0,0,0,0,0,-0.00676027335555537,0,-0.096144065069949,0,0,0,0,0,0,0,0,-0.101454182811555,0,0,0,0,0,0,0.0217447314166042,0.199176501374932,-0.191172485982594,0,0,0,0,0,-0.0539090444996426,0,0,0,-0.151292776154749,0,-0.0922881301398966,0.0383572895917311,0,-0.076417291926746,-0.0538798728459101,0,0,0,0,-0.235891944762619,0,0,-0.118600532811677,0,0,0.167071782530586,-0.126297087553573,0,0,0.0229625672581449,0,0,0,0.51103503601413,0,0,-0.191830049377317,0,0,0
"miR-222-3p",0,0,0,0,0.0375784030959013,0.36190390309796,0,0,0,0,-0.0333815466327681,0,0,0,-0.00669772474867767,0,0,0,-0.0209245662347432,0,0,0,0,0,0,0,0,0,0,-0.0274776339253233,0,0.0382891870198372,0,0,0,-0.0159961877803052,0,0,0,0,0.0927342689310272,-0.0235322542340074,0,0.00656568013870604,0.00815278942737083,0,0,0.372508912796676,0,0,0,0,0.0150528281398647,0,0,0,0.00223549208109856,0,0,0,0,0,0,0.0442254206551746,0,0,0,0,0.0678801282083947,-0.038170999105623,0,-0.0243330159915546,0,0,-0.0445780544089,0,0,0,0,0,0.043499818792582,0,0.00142186047852486,-0.029657785672808,0,0,0,0,0.0848236041880878,0,0.0182800704787033,0,0,0,0,0.0493455598005071,0,0,-0.00159852875023154,0.10099353487625,-0.0509772845519303,0,0,-0.0170953279848985,0,0,-0.0392187935429757,0,0,0,-0.0431971200375594,0.0149907954868371,-0.0284812244404878,0,0,0,0,0,0,0,0,-0.0764002048192936,0.0424136038723476,0,0,-0.041636007835848,0.000367562773956101,0.180580982028047,0,0,-0.0190568943245013,0.0510533646126866,0,0,0.183447778926756,0.49385679397403,0,0,-0.062591375899688,0,0,0
"miR-223-3p",-0.0921964810068543,0,0,0,0,0.448168415135212,0,-0.0110624039909561,0,-0.0421224879778488,0,0,0.0430269806863094,0,0,-0.0982411898188887,0,0,0,0,0,0,-0.118472843597407,0,0,0.0273813674845253,0.0837821763285455,0,0,-0.0630800010158598,0.00371670036498088,-0.0233883728930169,0,0,0,0,0,0,-0.131216306745721,0,0.074409840386466,0,0,0,0,0,0.152531601475468,0.408895310846225,0,0,0,0,0,0,0,-0.0586898394804289,0,0,0,0,0,0.507716415882007,0,0,0,0,0,0,0.0545506263735704,0,0,-0.0562121369159321,0,0,0,0.0986082377990437,-0.0150536003305663,0,0,0,0,0,-0.00437188635549326,-0.0997068077705036,0,0,0,0,0,0,0,0,0,0,-0.079495230950227,0,0,-0.00798610211138009,0.000268847079992591,0,-0.0310181282921064,0,0,0,0,0,-0.111372550096301,0,0.355659454291115,0,0,-0.0442418940568085,0,0,0,0,-0.10538807215899,0,0,0,0,0,0,0,0,-0.074759385377385,0,0.202480874222305,0,0,0,0,0,0,0,0.564919273468077,0,0,-0.0772278216534628,0,0,0
"miR-223-5p",0,0.210746064075024,0,0,0,0.247083778915968,0.271459007999209,0,0,0,0,0,0,0,0,0,0,0.258090070382608,0,0,0,0,0,0,0,0,0,0,0,0,0.00411077581168199,0,0,0,0.000670518925879302,0,0,-0.0370847158406857,0,0,0,0,0,0,-0.0104043259152691,0,0,0,0,0,0.0114219016620289,0,0,0,0,0,0.0678439028508594,0,0,0.0789176323054388,0,0,0,0,0,0,0,0,0.0282936388631878,0,0,0.0206313911650401,0,0,0,0,0,0,0,0,0.0728420358653409,0,0.0211278239871947,0,0,0,0,0,0,0,0,0,0,0.0164059636459482,0,0.204257482013105,0,0,-0.00272022439205102,0.0851784687149511,0.0213361438786899,0,0,0,0,0,0,0,0.20113611559935,0.0311092467948938,-0.0305064232538537,0.0386113368577261,0,0,0,0,0,0,0,0.0324047253952587,0,0,0,0,0.0442413792630075,0,0,0,0,0,-0.0593931336116423,0,0,0,0,0,0,0,0,0,0,0
"miR-320a",0,0.376965165827527,0,-0.00790066984117154,0.0878430060665884,0,0.439109111499286,0,0,0,-0.00881327063029903,0,0,0,0.0218255859576595,0.0160243312163009,-0.0394487810582636,0.409540768712479,0,0.127948063478543,0,0.0521213324477737,0,0,0,0,0,0,0,0,0.0225534826929341,0.00825911004023096,0.0596664084403542,0.006092842555193,0.025585640203203,0,0.0329560545443023,0,0,-0.0183372999629092,0,0.0560704447329771,0,0.0307625358092745,0,0.0232944214965556,0.148481731382116,0,0,0.0206644684397483,0.0275248686181759,0,0.0386105679797715,0.0783834117636059,-0.00919988080806507,0.0116801575543724,0,0,0,0,0,0,0.00245608143558158,0.088628195379022,0,0.156793678606138,0,-0.010748723890407,0.0127675163663708,-0.0420974643111086,0,0,0.0918912161669981,0,-0.00947671119833629,0,0,0,0,0,0,0,0,0.0214999788505529,0,0,0,0.0224768001718726,0.0908943178857146,-0.0942513743494189,0.0283897222781585,0.0207597508570125,0,0,0.0274638655475164,0.11198683740777,0,-0.0148402487779409,0.0503638476854145,0,-0.0115965893534971,0,0,0.0100832424521737,-0.0183194537762746,0,-0.00478020404883645,0,0.438241254875207,0,-0.0136864807671733,0.0579977041910485,0,0.0537338933228757,0,0.0162920240158193,-0.00179122518446995,-0.0375506074524476,0,0,0,0,-0.00490323977784588,0.00915007450353928,0,0,0.0222071768954346,0,0,-0.0103396343813993,0.0137467116470649,0.0496550537041344,0,0,0,0.42242708824622,0,0.0067068629140884,0,0,0,0
"miR-324-5p",0,0,0,0.0294423444670649,0,0.224158209176508,0,-0.00193922824858912,0,0,-0.0059471553867337,-0.0290238171068039,0,0,0,-0.0128883776033123,0,0,-0.0027003508834548,0,0.0390411896816103,0,0.00602274427652252,0,0,0,0,0,0,0,0.055052235994995,0,0.070935497023119,0.0182167508411731,0,-0.00920708713193959,0,0.0431976348313604,-0.0389186687569583,0,0,-0.027274290373905,0,-0.0167766151827106,0,0,0,0.390462518206541,0,0,0,0,0,0,0,0,0.0501530138774681,-0.0340973674131406,0,0,0.0158249736979967,0.312584082987506,0,0,0,0,0,-0.0906589635210249,0.0482173704466984,0.0119979227373705,0,0.0114158099353831,-0.0842444611618965,0.0153405978746566,0,0,0,0,0,0,0,0,0,0,0,0,0,0,-0.0219039614412579,0,0,0,0,-0.0644501247173782,0,0,0,0,0,0,-0.119894704075931,0,-0.0393755482553981,-0.0722578784541975,-0.0865023467733411,0,0.024806540489562,0,0,0,-0.144476880267199,0,-0.012868815438872,0,0,0,0,0.0467237149717138,0,0,0.00232866975909023,0,0,-0.0365627149264119,0,0,0,0.15955444622918,-0.108429216538746,0,0,0,0,0,0,0,0,-0.0994375706125497,0,0,0,0
"miR-375",0,-0.0170838903794371,0,0,0.0435397153121641,0.0163058362516422,-0.0252696833125814,0.0179006674473229,0,0,0,0,-0.0144757442888776,0,0,0,0,0,0,-0.0479110868738563,0,0.0131205496075898,0,0,-0.0321970060965314,0,0,0,0,0,-0.053696957626715,0,0,-0.0523771804949434,-0.0101805622097421,0,0,0,-0.062169588178687,-0.023755674743667,0,0,0,0,0,0.0333395909379818,0,-0.0477965452531207,0,0,-0.0496748562352512,0,0,0,0,0,0,0,0,-0.0184254997275025,0,-0.00259945129844724,0,0,0,0,0,0,-0.0235406030861155,0,0.0286338701208234,-0.0239991722115679,0,-0.101997897582116,0,0,0,0,0,0.0365278819704926,0,0,0,0,0,0,0.0325311072734187,0,0,0,-0.0990144101080793,-0.0212474726264336,0,0,0,-0.0177382500030888,0,0,0.0626273451350851,0,-0.0702649780972397,0,0,0,0,-0.0498492855348433,-0.0568273155081976,0,0,0,0,0,0,0,0,0,0,0,0,0,0,-0.023236505195299,0,0,0,0,0,0,0,0,0,0,-0.0726253076750951,0,-0.0114235110338606,-0.0562498026623763,0,0,0,0,0,0
"miR-486-5p",0,0,0,0,0,0,0.145657958442581,0,0,0,-0.0373908926619656,0,0.0110370513432216,0,-0.0195918954632163,0,-0.103803159650184,0.201329566643968,0,0.0085548441199947,0,-0.019549424970985,0,-0.0369400619520075,0,0,0.0150588782590634,0,0,0,0.0426191203760751,0,0,0,0,-0.0850790779115606,0,0,-0.0494917654863504,-0.0657135630417832,-0.058108213269824,-0.048226144817858,0,0,0,0,0,0.216427054441423,0,0.0221043468248503,-0.0139195107811131,0,0,0.0482863756977496,0,-0.0525749945238807,0,0,0,0,0.0169331662358622,0.174551663895217,0,0,0,0.0648819135848178,0,-0.0732793594866341,0.0644097587466268,0,-0.0866907288717436,0,0,0,0,0.0365386514511911,0,0,-0.0573251260322584,0,0,0,0,0,0,0,0,0,0,-0.0477629590556143,0,0,0,0,0,0,0,-0.0129227442398079,0.0184714189861272,0,-0.0160035249650563,0,0,0,-0.048770410610725,0,0,0.0256842232245641,0,0,0,0,0,0,0,0,0,-0.022204860323131,0,0,0,0,0,0,-0.0147983925733781,0,-0.0531440991197799,0,-0.018506195243631,-0.0280258917280438,-0.0365301144532578,0,0,0,0.0725984026754087,0,0,-0.0226116761593223,-0.0605752769741038,0,0,0
"miR-574-3p",0,0,0,0,0,0.327442085218816,0.317414536862902,0,-0.123526594528023,0,0,0,-0.0287883236429143,0,0,0,-0.130600725413775,0.32000935724347,0,0,0,0,0,-0.0653798984173921,0,-0.038944570559515,0,0,0,0,0,0,0,0,0,0,0.0531275336749099,0,0,-0.0703202500664772,0,0,0,-0.0715627059713478,0,0,0,0,0,0,0,0,0,0,0,0,-0.0401343887530647,0,0,0.0329111391349965,0,0,0,0,0,0,0,-0.0860405218572514,0.0900998618330194,0,0,0,0,0.123906083683968,-0.111517045438012,0,0,0,0,0,0,0,0.0143873407977407,0,0,0.0317289570560475,0,0,0,-0.0369081732337674,0,-0.120489646310315,-0.0665868335195132,0,0,0,0,0,-0.0181467969858829,0,0,0,-0.0394761385146718,0,0,0,-0.132627470347471,0,0,0,0,-0.046951036718403,0,0,0,0,0,0,0,0,0,0,0,0,-0.10685095042175,0,0,0,0,0,0,0,0,0,0,0.293621519154486,0,0,0,0,0,0
"miR-885-5p",0,0,0,0,0,0,-0.0558830597733142,0,-0.0391174683193724,0,0,0,0,0,0,0,0,0,0,0,0,-0.0209656228392065,0,0,0,0,0,0,0,0,0,0,0,-0.0107356824463278,0.00501023109867905,0,0,0,0,0,0,0,0.125596056198672,0,0,0,0,0,0.0561426445697703,0,0,0,-0.0565050594368106,0,0,0,-0.0719614872428511,0,0,0,0,0,0,0,0,0,0,0,0,0,-0.0211018700047232,-0.0591727211427808,0,0,-0.00464086651472814,0,0,0,0,0,0,0,0,0,0,0,0,0,0,-0.0766560210159442,0.0736514267382725,0,0,0,0,0.00800658867482715,0,0.0145498238205229,0,0,0.011184411081418,0,0,0,0,0.00964067303804133,0,-0.0242195060364298,0,0.0177400533034708,0,0,0,0,0,0,0,0,0,0,0,0,0,0,0,0.0134848960772795,0,0.00968407373082111,0,0,-0.0446267062520256,0,0,0,-0.00458735781390949,0,0,0,0,0,0,0
"let-7b-5p",-0.0527116858576173,0.225468157019768,0,0,0.0400965307347472,0.260282280413786,0,0,-0.0731194061199437,0,-0.0354520594676296,-0.0446596645533828,0.0392233114500156,-0.00161181994428566,0,-0.0400889375235756,-0.0797443327189028,0.313650714688498,-0.0485947497191828,0.0949844652337375,-0.0264427787617985,-0.0274469273148671,-0.0569959300388154,0,0,0.0233474512721774,0.0424954706709884,-0.00989987428731122,0,-0.0340867400396823,0.074450584515146,0,0,0,0,-0.032006285977666,-0.00169053631170863,0,-0.0542177156394786,0,0,-0.0303630636007386,0,0,0,0,0.157166987497723,0,-0.000895226727279706,0,0,0.0390574190906908,-0.0121199233162898,-0.0296839216456128,0,-0.018855616419458,-0.00217075750561052,0,0,0,0,0,0,0,0,0,-0.00636221007232207,-0.0687419842287758,0.118625566489938,-0.0619416724765121,0,0.0431786880784379,0.0521506891203815,0.12415119052972,-0.068799641154282,0.0865828130196253,0.0163753390347348,0,0,0,0,0,-0.0148269245487067,0,0,0.0648251742491854,0,0.0190800665937501,0.0500714362443132,0,0,0,0,0.116859906026082,-0.0178621498414273,0.031767035476514,0,-0.0453276825951594,-0.0273848367370861,0.111096830344846,-0.0685031198231071,0,-0.0223419299351682,-0.0422633989699566,0.00140487276523653,-0.0533801458377051,-0.0412247017369516,0.0291666823964844,0,0,-0.0226003136124926,0,0,0.0345697198591081,-0.0623304826330856,0.0280851002492649,-0.134906051815051,-0.00133962262855872,0,0.00512528884232131,0,-0.0414001177848645,0.0607657663377627,0,-0.0475954059099063,0,-0.0294179018576186,0.156784672286893,0,0,-0.0110923945367324,0,0.0172323423091677,0,0.119293467379593,0.412817409096846,0.0498644890652641,-0.0313454192087498,0,0,0,0
"let-7d-5p",-0.0912731983246551,0.401530797737945,0,0,0,0.424360231423837,0,0,-0.129098959841965,0,-0.0828759676407481,0,0,-0.0193155782095334,-0.0259172939143136,-0.0427631488632666,-0.142741510363829,0.610932229798462,0,-0.000511361842385239,-0.060026244187978,-0.0392574888770219,-0.119559144316608,0,0,0,0.0234447392878274,0,0,-0.044415036371898,0.0837125007035515,0,0,0,-0.0106534003160148,0,0.0891733200028027,0,0,-0.0745266985793064,0.00163807387496963,-0.0513064093887407,0,0,0,0,0,0.402016636076475,0,-0.0439476893995033,0,0.0391933112498233,0,0.0437018753594977,0,0,-0.0231940347067117,0,0,0,0,0,0,0.0484526499525703,0,0,-0.0392059236979492,-0.159995854193922,0.0416939348519074,-0.1438856351519,0,-0.0275103233316906,0,0,0,0.030416591735569,0,0,0,0,0,0,-0.0836977501451719,-0.110516190608239,0,0.0155632461936146,0,0.0123182434686394,0.0224272493400343,0,0,0,0,0,-0.0890157417080446,0,0,-0.0689570622113246,-0.0203526412814339,0,-0.124909567888947,-0.0196167325831529,-0.0638027715125466,-0.0665127680771852,0,-0.0666457202788947,-0.0933081782202411,-0.0761280504964671,0,0.0291517433663671,-0.244789600341549,-0.0572440410901548,0,-0.000273800607002611,0,0,-0.105110255104352,0,0,0,0.022694427322784,0,0,0,-0.129847984822506,0,-0.0592247102397292,0.159094648245884,0,0,-0.130021212936562,0,0,0,0,0.486618449935273,-0.0426990570350348,-0.0931702134815573,-0.168670129741766,0,0,0
